{
    "inserts_eval": 1998,
    "deletes_eval": 62,
    "turns_eval": 11,
    "inserts_actual": 15,
    "deletes_actual": 3,
    "turns_actual": 0,
    "score": -3358.443927486049,
    "time": 0.16774296760559082,
    "ops_eval": 2071,
    "ops_actual": 18
}