{
    "inserts_eval": 2229,
    "deletes_eval": 78,
    "turns_eval": 14,
    "inserts_actual": 16,
    "deletes_actual": 3,
    "turns_actual": 0,
    "score": -5553.017683955213,
    "time": 0.22964143753051758,
    "ops_eval": 2321,
    "ops_actual": 19
}